Year,Categories,Percentage 
2017,Coal,0.545189083
2017,Oil,0.237099279
2017,Gas,0.141838964
2017,Cement,0.059280979
2017,Flaring,0.006381821
2017,Others,0.010209874
2018,Coal,0.546328823
2018,Oil,0.232063254
2018,Gas,0.14544585
2018,Cement,0.060214129
2018,Flaring,0.005958762
2018,Others,0.009989182
