Year,Per Capita
2017,3.422994
2018,3.571336
2019,3.7794375
2020,3.763741
2021,3.811001
